AcceptFilter,core
AcceptPathInfo,core
AccessFileName,core
AddDefaultCharset,core
AllowEncodedSlashes,core
AllowOverride,core
AllowOverrideList,core
CGIMapExtension,core
ContentDigest,core
DefaultRuntimeDir,core
DefaultType,core
Define,core
<Directory>,core
<DirectoryMatch>,core
DocumentRoot,core
<Else>,core
<ElseIf>,core
EnableMMAP,core
EnableSendfile,core
Error,core
ErrorDocument,core
ErrorLog,core
ErrorLogFormat,core
ExtendedStatus,core
FileETag,core
<Files>,core
<FilesMatch>,core
ForceType,core
GprofDir,core
HostnameLookups,core
<If>,core
<IfDefine>,core
<IfModule>,core
Include,core
IncludeOptional,core
KeepAlive,core
KeepAliveTimeout,core
<Limit>,core
<LimitExcept>,core
LimitInternalRecursion,core
LimitRequestBody,core
LimitRequestFields,core
LimitRequestFieldSize,core
LimitRequestLine,core
LimitXMLRequestBody,core
<Location>,core
<LocationMatch>,core
LogLevel,core
MaxKeepAliveRequests,core
MaxRangeOverlaps,core
MaxRangeReversals,core
MaxRanges,core
Mutex,core
NameVirtualHost,core
Options,core
Protocol,core
RLimitCPU,core
RLimitMEM,core
RLimitNPROC,core
ScriptInterpreterSource,core
SeeRequestTail,core
ServerAdmin,core
ServerAlias,core
ServerName,core
ServerPath,core
ServerRoot,core
ServerSignature,core
ServerTokens,core
SetHandler,core
SetInputFilter,core
SetOutputFilter,core
TimeOut,core
TraceEnable,core
UnDefine,core
UseCanonicalName,core
UseCanonicalPhysicalPort,core
<VirtualHost>,core
CoreDumpDirectory,mpm_common
EnableExceptionHook,mpm_common
GracefulShutdownTimeout,mpm_common
Listen,mpm_common
ListenBackLog,mpm_common
MaxConnectionsPerChild,mpm_common
MaxMemFree,mpm_common
MaxRequestWorkers,mpm_common
MaxSpareThreads,mpm_common
MinSpareThreads,mpm_common
PidFile,mpm_common
ReceiveBufferSize,mpm_common
ScoreBoardFile,mpm_common
SendBufferSize,mpm_common
ServerLimit,mpm_common
StartServers,mpm_common
StartThreads,mpm_common
ThreadLimit,mpm_common
ThreadsPerChild,mpm_common
ThreadStackSize,mpm_common
AsyncRequestWorkerFactor,event
MaxThreads,mpm_netware
MaxSpareServers,prefork
MinSpareServers,prefork
Allow,mod_access_compat
Deny,mod_access_compat
Order,mod_access_compat
Satisfy,mod_access_compat
Action,mod_actions
Script,mod_actions
Alias,mod_alias
AliasMatch,mod_alias
Redirect,mod_alias
RedirectMatch,mod_alias
RedirectPermanent,mod_alias
RedirectTemp,mod_alias
ScriptAlias,mod_alias
ScriptAliasMatch,mod_alias
AllowMethods,mod_allowmethods
AuthBasicAuthoritative,mod_auth_basic
AuthBasicFake,mod_auth_basic
AuthBasicProvider,mod_auth_basic
AuthBasicUseDigestAlgorithm,mod_auth_basic
AuthDigestAlgorithm,mod_auth_digest
AuthDigestDomain,mod_auth_digest
AuthDigestNonceLifetime,mod_auth_digest
AuthDigestProvider,mod_auth_digest
AuthDigestQop,mod_auth_digest
AuthDigestShmemSize,mod_auth_digest
AuthFormAuthoritative,mod_auth_form
AuthFormBody,mod_auth_form
AuthFormDisableNoStore,mod_auth_form
AuthFormFakeBasicAuth,mod_auth_form
AuthFormLocation,mod_auth_form
AuthFormLoginRequiredLocation,mod_auth_form
AuthFormLoginSuccessLocation,mod_auth_form
AuthFormLogoutLocation,mod_auth_form
AuthFormMethod,mod_auth_form
AuthFormMimetype,mod_auth_form
AuthFormPassword,mod_auth_form
AuthFormProvider,mod_auth_form
AuthFormSitePassphrase,mod_auth_form
AuthFormSize,mod_auth_form
AuthFormUsername,mod_auth_form
Anonymous,mod_authn_anon
Anonymous_LogEmail,mod_authn_anon
Anonymous_MustGiveEmail,mod_authn_anon
Anonymous_NoUserID,mod_authn_anon
Anonymous_VerifyEmail,mod_authn_anon
AuthName,mod_authn_core
<AuthnProviderAlias>,mod_authn_core
AuthType,mod_authn_core
AuthDBDUserPWQuery,mod_authn_dbd
AuthDBDUserRealmQuery,mod_authn_dbd
AuthDBMType,mod_authn_dbm
AuthDBMUserFile,mod_authn_dbm
AuthUserFile,mod_authn_file
AuthnCacheContext,mod_authn_socache
AuthnCacheEnable,mod_authn_socache
AuthnCacheProvideFor,mod_authn_socache
AuthnCacheSOCache,mod_authn_socache
AuthnCacheTimeout,mod_authn_socache
AuthLDAPAuthorizePrefix,mod_authnz_ldap
AuthLDAPBindAuthoritative,mod_authnz_ldap
AuthLDAPBindDN,mod_authnz_ldap
AuthLDAPBindPassword,mod_authnz_ldap
AuthLDAPCharsetConfig,mod_authnz_ldap
AuthLDAPCompareAsUser,mod_authnz_ldap
AuthLDAPCompareDNOnServer,mod_authnz_ldap
AuthLDAPDereferenceAliases,mod_authnz_ldap
AuthLDAPGroupAttribute,mod_authnz_ldap
AuthLDAPGroupAttributeIsDN,mod_authnz_ldap
AuthLDAPInitialBindAsUser,mod_authnz_ldap
AuthLDAPInitialBindPattern,mod_authnz_ldap
AuthLDAPMaxSubGroupDepth,mod_authnz_ldap
AuthLDAPRemoteUserAttribute,mod_authnz_ldap
AuthLDAPRemoteUserIsDN,mod_authnz_ldap
AuthLDAPSearchAsUser,mod_authnz_ldap
AuthLDAPSubGroupAttribute,mod_authnz_ldap
AuthLDAPSubGroupClass,mod_authnz_ldap
AuthLDAPUrl,mod_authnz_ldap
AuthMerging,mod_authz_core
<AuthzProviderAlias>,mod_authz_core
AuthzSendForbiddenOnFailure,mod_authz_core
Require,mod_authz_core
<RequireAll>,mod_authz_core
<RequireAny>,mod_authz_core
<RequireNone>,mod_authz_core
AuthzDBDLoginToReferer,mod_authz_dbd
AuthzDBDQuery,mod_authz_dbd
AuthzDBDRedirectQuery,mod_authz_dbd
AuthDBMGroupFile,mod_authz_dbm
AuthzDBMType,mod_authz_dbm
AuthGroupFile,mod_authz_groupfile
AddAlt,mod_autoindex
AddAltByEncoding,mod_autoindex
AddAltByType,mod_autoindex
AddDescription,mod_autoindex
AddIcon,mod_autoindex
AddIconByEncoding,mod_autoindex
AddIconByType,mod_autoindex
DefaultIcon,mod_autoindex
HeaderName,mod_autoindex
IndexHeadInsert,mod_autoindex
IndexIgnore,mod_autoindex
IndexIgnoreReset,mod_autoindex
IndexOptions,mod_autoindex
IndexOrderDefault,mod_autoindex
IndexStyleSheet,mod_autoindex
ReadmeName,mod_autoindex
BufferSize,mod_buffer
CacheDefaultExpire,mod_cache
CacheDetailHeader,mod_cache
CacheDisable,mod_cache
CacheEnable,mod_cache
CacheHeader,mod_cache
CacheIgnoreCacheControl,mod_cache
CacheIgnoreHeaders,mod_cache
CacheIgnoreNoLastMod,mod_cache
CacheIgnoreQueryString,mod_cache
CacheIgnoreURLSessionIdentifiers,mod_cache
CacheKeyBaseURL,mod_cache
CacheLastModifiedFactor,mod_cache
CacheLock,mod_cache
CacheLockMaxAge,mod_cache
CacheLockPath,mod_cache
CacheMaxExpire,mod_cache
CacheMinExpire,mod_cache
CacheQuickHandler,mod_cache
CacheStaleOnError,mod_cache
CacheStoreExpired,mod_cache
CacheStoreNoStore,mod_cache
CacheStorePrivate,mod_cache
CacheDirLength,mod_cache_disk
CacheDirLevels,mod_cache_disk
CacheMaxFileSize,mod_cache_disk
CacheMinFileSize,mod_cache_disk
CacheReadSize,mod_cache_disk
CacheReadTime,mod_cache_disk
CacheRoot,mod_cache_disk
CacheSocache,mod_cache_socache
CacheSocacheMaxSize,mod_cache_socache
CacheSocacheMaxTime,mod_cache_socache
CacheSocacheMinTime,mod_cache_socache
CacheSocacheReadSize,mod_cache_socache
CacheSocacheReadTime,mod_cache_socache
MetaDir,mod_cern_meta
MetaFiles,mod_cern_meta
MetaSuffix,mod_cern_meta
ScriptLog,mod_cgi
ScriptLogBuffer,mod_cgi
ScriptLogLength,mod_cgi
ScriptSock,mod_cgid
CharsetDefault,mod_charset_lite
CharsetOptions,mod_charset_lite
CharsetSourceEnc,mod_charset_lite
Dav,mod_dav
DavDepthInfinity,mod_dav
DavMinTimeout,mod_dav
DavLockDB,mod_dav_fs
DavGenericLockDB,mod_dav_lock
DBDExptime,mod_dbd
DBDInitSQL,mod_dbd
DBDKeep,mod_dbd
DBDMax,mod_dbd
DBDMin,mod_dbd
DBDParams,mod_dbd
DBDPersist,mod_dbd
DBDPrepareSQL,mod_dbd
DBDriver,mod_dbd
DeflateBufferSize,mod_deflate
DeflateCompressionLevel,mod_deflate
DeflateFilterNote,mod_deflate
DeflateMemLevel,mod_deflate
DeflateWindowSize,mod_deflate
ModemStandard,mod_dialup
DirectoryCheckHandler,mod_dir
DirectoryIndex,mod_dir
DirectoryIndexRedirect,mod_dir
DirectorySlash,mod_dir
FallbackResource,mod_dir
DumpIOInput,mod_dumpio
DumpIOOutput,mod_dumpio
ProtocolEcho,mod_echo
PassEnv,mod_env
SetEnv,mod_env
UnsetEnv,mod_env
Example,mod_example
ExpiresActive,mod_expires
ExpiresByType,mod_expires
ExpiresDefault,mod_expires
ExtFilterDefine,mod_ext_filter
ExtFilterOptions,mod_ext_filter
CacheFile,mod_file_cache
MMapFile,mod_file_cache
AddOutputFilterByType,mod_filter
FilterChain,mod_filter
FilterDeclare,mod_filter
FilterProtocol,mod_filter
FilterProvider,mod_filter
FilterTrace,mod_filter
Header,mod_headers
RequestHeader,mod_headers
HeartbeatAddress,mod_heartbeat
HeartbeatListen,mod_heartmonitor
HeartbeatMaxServers,mod_heartmonitor
HeartbeatStorage,mod_heartmonitor
IdentityCheck,mod_ident
IdentityCheckTimeout,mod_ident
ImapBase,mod_imagemap
ImapDefault,mod_imagemap
ImapMenu,mod_imagemap
SSIEndTag,mod_include
SSIErrorMsg,mod_include
SSIETag,mod_include
SSILastModified,mod_include
SSILegacyExprParser,mod_include
SSIStartTag,mod_include
SSITimeFormat,mod_include
SSIUndefinedEcho,mod_include
XBitHack,mod_include
AddModuleInfo,mod_info
ISAPIAppendLogToErrors,mod_isapi
ISAPIAppendLogToQuery,mod_isapi
ISAPICacheFile,mod_isapi
ISAPIFakeAsync,mod_isapi
ISAPILogNotSupported,mod_isapi
ISAPIReadAheadBuffer,mod_isapi
HeartbeatStorage,mod_lbmethod_heartbeat
LDAPCacheEntries,mod_ldap
LDAPCacheTTL,mod_ldap
LDAPConnectionPoolTTL,mod_ldap
LDAPConnectionTimeout,mod_ldap
LDAPLibraryDebug,mod_ldap
LDAPOpCacheEntries,mod_ldap
LDAPOpCacheTTL,mod_ldap
LDAPReferralHopLimit,mod_ldap
LDAPReferrals,mod_ldap
LDAPRetries,mod_ldap
LDAPRetryDelay,mod_ldap
LDAPSharedCacheFile,mod_ldap
LDAPSharedCacheSize,mod_ldap
LDAPTimeout,mod_ldap
LDAPTrustedClientCert,mod_ldap
LDAPTrustedGlobalCert,mod_ldap
LDAPTrustedMode,mod_ldap
LDAPVerifyServerCert,mod_ldap
BufferedLogs,mod_log_config
CustomLog,mod_log_config
LogFormat,mod_log_config
TransferLog,mod_log_config
LogMessage,mod_log_debug
ForensicLog,mod_log_forensic
LuaAuthzProvider,mod_lua
LuaCodeCache,mod_lua
LuaHookAccessChecker,mod_lua
LuaHookAuthChecker,mod_lua
LuaHookCheckUserID,mod_lua
LuaHookFixups,mod_lua
LuaHookInsertFilter,mod_lua
LuaHookLog,mod_lua
LuaHookMapToStorage,mod_lua
LuaHookTranslateName,mod_lua
LuaHookTypeChecker,mod_lua
LuaInherit,mod_lua
LuaInputFilter,mod_lua
LuaMapHandler,mod_lua
LuaOutputFilter,mod_lua
LuaPackageCPath,mod_lua
LuaPackagePath,mod_lua
LuaQuickHandler,mod_lua
LuaRoot,mod_lua
LuaScope,mod_lua
<Macro>,mod_macro
UndefMacro,mod_macro
Use,mod_macro
AddCharset,mod_mime
AddEncoding,mod_mime
AddHandler,mod_mime
AddInputFilter,mod_mime
AddLanguage,mod_mime
AddOutputFilter,mod_mime
AddType,mod_mime
DefaultLanguage,mod_mime
ModMimeUsePathInfo,mod_mime
MultiviewsMatch,mod_mime
RemoveCharset,mod_mime
RemoveEncoding,mod_mime
RemoveHandler,mod_mime
RemoveInputFilter,mod_mime
RemoveLanguage,mod_mime
RemoveOutputFilter,mod_mime
RemoveType,mod_mime
TypesConfig,mod_mime
MimeMagicFile,mod_mime_magic
CacheNegotiatedDocs,mod_negotiation
ForceLanguagePriority,mod_negotiation
LanguagePriority,mod_negotiation
NWSSLTrustedCerts,mod_nw_ssl
NWSSLUpgradeable,mod_nw_ssl
SecureListen,mod_nw_ssl
DTracePrivileges,mod_privileges
PrivilegesMode,mod_privileges
VHostCGIMode,mod_privileges
VHostCGIPrivs,mod_privileges
VHostGroup,mod_privileges
VHostPrivs,mod_privileges
VHostSecure,mod_privileges
VHostUser,mod_privileges
BalancerGrowth,mod_proxy
BalancerInherit,mod_proxy
BalancerMember,mod_proxy
BalancerPersist,mod_proxy
NoProxy,mod_proxy
<Proxy>,mod_proxy
ProxyAddHeaders,mod_proxy
ProxyBadHeader,mod_proxy
ProxyBlock,mod_proxy
ProxyDomain,mod_proxy
ProxyErrorOverride,mod_proxy
ProxyIOBufferSize,mod_proxy
<ProxyMatch>,mod_proxy
ProxyMaxForwards,mod_proxy
ProxyPass,mod_proxy
ProxyPassInherit,mod_proxy
ProxyPassInterpolateEnv,mod_proxy
ProxyPassMatch,mod_proxy
ProxyPassReverse,mod_proxy
ProxyPassReverseCookieDomain,mod_proxy
ProxyPassReverseCookiePath,mod_proxy
ProxyPreserveHost,mod_proxy
ProxyReceiveBufferSize,mod_proxy
ProxyRemote,mod_proxy
ProxyRemoteMatch,mod_proxy
ProxyRequests,mod_proxy
ProxySet,mod_proxy
ProxySourceAddress,mod_proxy
ProxyStatus,mod_proxy
ProxyTimeout,mod_proxy
ProxyVia,mod_proxy
AllowCONNECT,mod_proxy_connect
ProxyExpressDBMFile,mod_proxy_express
ProxyExpressDBMType,mod_proxy_express
ProxyExpressEnable,mod_proxy_express
ProxyFtpDirCharset,mod_proxy_ftp
ProxyFtpEscapeWildcards,mod_proxy_ftp
ProxyFtpListOnWildcard,mod_proxy_ftp
ProxyHTMLBufSize,mod_proxy_html
ProxyHTMLCharsetOut,mod_proxy_html
ProxyHTMLDocType,mod_proxy_html
ProxyHTMLEnable,mod_proxy_html
ProxyHTMLEvents,mod_proxy_html
ProxyHTMLExtended,mod_proxy_html
ProxyHTMLFixups,mod_proxy_html
ProxyHTMLInterp,mod_proxy_html
ProxyHTMLLinks,mod_proxy_html
ProxyHTMLMeta,mod_proxy_html
ProxyHTMLStripComments,mod_proxy_html
ProxyHTMLURLMap,mod_proxy_html
ProxySCGIInternalRedirect,mod_proxy_scgi
ProxySCGISendfile,mod_proxy_scgi
ReflectorHeader,mod_reflector
RemoteIPHeader,mod_remoteip
RemoteIPInternalProxy,mod_remoteip
RemoteIPInternalProxyList,mod_remoteip
RemoteIPProxiesHeader,mod_remoteip
RemoteIPTrustedProxy,mod_remoteip
RemoteIPTrustedProxyList,mod_remoteip
RequestReadTimeout,mod_reqtimeout
KeptBodySize,mod_request
RewriteBase,mod_rewrite
RewriteCond,mod_rewrite
RewriteEngine,mod_rewrite
RewriteMap,mod_rewrite
RewriteOptions,mod_rewrite
RewriteRule,mod_rewrite
InputSed,mod_sed
OutputSed,mod_sed
Session,mod_session
SessionEnv,mod_session
SessionExclude,mod_session
SessionHeader,mod_session
SessionInclude,mod_session
SessionMaxAge,mod_session
SessionCookieName,mod_session_cookie
SessionCookieName2,mod_session_cookie
SessionCookieRemove,mod_session_cookie
SessionCryptoCipher,mod_session_crypto
SessionCryptoDriver,mod_session_crypto
SessionCryptoPassphrase,mod_session_crypto
SessionCryptoPassphraseFile,mod_session_crypto
SessionDBDCookieName,mod_session_dbd
SessionDBDCookieName2,mod_session_dbd
SessionDBDCookieRemove,mod_session_dbd
SessionDBDDeleteLabel,mod_session_dbd
SessionDBDInsertLabel,mod_session_dbd
SessionDBDPerUser,mod_session_dbd
SessionDBDSelectLabel,mod_session_dbd
SessionDBDUpdateLabel,mod_session_dbd
BrowserMatch,mod_setenvif
BrowserMatchNoCase,mod_setenvif
SetEnvIf,mod_setenvif
SetEnvIfExpr,mod_setenvif
SetEnvIfNoCase,mod_setenvif
LoadFile,mod_so
LoadModule,mod_so
CheckCaseOnly,mod_speling
CheckSpelling,mod_speling
SSLCACertificateFile,mod_ssl
SSLCACertificatePath,mod_ssl
SSLCADNRequestFile,mod_ssl
SSLCADNRequestPath,mod_ssl
SSLCARevocationCheck,mod_ssl
SSLCARevocationFile,mod_ssl
SSLCARevocationPath,mod_ssl
SSLCertificateChainFile,mod_ssl
SSLCertificateFile,mod_ssl
SSLCertificateKeyFile,mod_ssl
SSLCipherSuite,mod_ssl
SSLCompression,mod_ssl
SSLCryptoDevice,mod_ssl
SSLEngine,mod_ssl
SSLFIPS,mod_ssl
SSLHonorCipherOrder,mod_ssl
SSLInsecureRenegotiation,mod_ssl
SSLOCSPDefaultResponder,mod_ssl
SSLOCSPEnable,mod_ssl
SSLOCSPOverrideResponder,mod_ssl
SSLOCSPResponderTimeout,mod_ssl
SSLOCSPResponseMaxAge,mod_ssl
SSLOCSPResponseTimeSkew,mod_ssl
SSLOpenSSLConfCmd,mod_ssl
SSLOptions,mod_ssl
SSLPassPhraseDialog,mod_ssl
SSLProtocol,mod_ssl
SSLProxyCACertificateFile,mod_ssl
SSLProxyCACertificatePath,mod_ssl
SSLProxyCARevocationCheck,mod_ssl
SSLProxyCARevocationFile,mod_ssl
SSLProxyCARevocationPath,mod_ssl
SSLProxyCheckPeerCN,mod_ssl
SSLProxyCheckPeerExpire,mod_ssl
SSLProxyCheckPeerName,mod_ssl
SSLProxyCipherSuite,mod_ssl
SSLProxyEngine,mod_ssl
SSLProxyMachineCertificateChainFile,mod_ssl
SSLProxyMachineCertificateFile,mod_ssl
SSLProxyMachineCertificatePath,mod_ssl
SSLProxyProtocol,mod_ssl
SSLProxyVerify,mod_ssl
SSLProxyVerifyDepth,mod_ssl
SSLRandomSeed,mod_ssl
SSLRenegBufferSize,mod_ssl
SSLRequire,mod_ssl
SSLRequireSSL,mod_ssl
SSLSessionCache,mod_ssl
SSLSessionCacheTimeout,mod_ssl
SSLSessionTicketKeyFile,mod_ssl
SSLSRPUnknownUserSeed,mod_ssl
SSLSRPVerifierFile,mod_ssl
SSLStaplingCache,mod_ssl
SSLStaplingErrorCacheTimeout,mod_ssl
SSLStaplingFakeTryLater,mod_ssl
SSLStaplingForceURL,mod_ssl
SSLStaplingResponderTimeout,mod_ssl
SSLStaplingResponseMaxAge,mod_ssl
SSLStaplingResponseTimeSkew,mod_ssl
SSLStaplingReturnResponderErrors,mod_ssl
SSLStaplingStandardCacheTimeout,mod_ssl
SSLStrictSNIVHostCheck,mod_ssl
SSLUserName,mod_ssl
SSLUseStapling,mod_ssl
SSLVerifyClient,mod_ssl
SSLVerifyDepth,mod_ssl
Substitute,mod_substitute
SuexecUserGroup,mod_suexec
ChrootDir,mod_unixd
Group,mod_unixd
Suexec,mod_unixd
User,mod_unixd
UserDir,mod_userdir
CookieDomain,mod_usertrack
CookieExpires,mod_usertrack
CookieName,mod_usertrack
CookieStyle,mod_usertrack
CookieTracking,mod_usertrack
<IfVersion>,mod_version
VirtualDocumentRoot,mod_vhost_alias
VirtualDocumentRootIP,mod_vhost_alias
VirtualScriptAlias,mod_vhost_alias
VirtualScriptAliasIP,mod_vhost_alias
WatchdogInterval,mod_watchdog
xml2EncAlias,mod_xml2enc
xml2EncDefault,mod_xml2enc
xml2StartParse,mod_xml2enc